Workbook

Sheet Instructions
A1: OCTAVIA CARBON - PHASE 1 LCA DATA COLLECTION
A2: Project Hummingbird Capture Site (100 tCO₂/year)
A4: PURPOSE
A5: This workbook collects material and equipment data to calculate embodied emissions for the Phase 1 pilot plant.
A6: The data will be used to populate the Puro LCA template for carbon credit certification.
A8: HOW TO USE
A9: 1. Fill in the YELLOW cells in each sheet with actual quantities from site
A10: 2. BLUE cells contain formulas - do not edit
A11: 3. Use the Notes column to document data sources (invoices, spec sheets, measurements)
A12: 4. If you don't know a value, leave it blank and add a note
A14: SHEETS IN THIS WORKBOOK
A15: • Parameters - Key project parameters and emission factors
... A36: Version: 1.0 | Date: January 2026 | Plant Lifetime: 10 years

Sheet Parameters
A1: PROJECT PARAMETERS
A3: Parameter | B3: Value | C3: Unit | D3: Source | E3: Notes
A4: Plant Name | B4: Project Hummingbird Phase 1
A5: Location | B5: Gilgil, Kenya
A6: Target Capacity | B6: 100 | C6: tCO₂/year
A7: Plant Lifetime | B7: 10 | C7: years | D7: Engineering estimate | E7: Used for amortization
A8: Total Weeks | B8: =B7*52 -> 520 | C8: weeks | E8: Calculated
A10: EMISSION FACTORS (from Puro LCA template)
A12: Material/Activity | B12: EF Value | C12: Unit | D12: Source | E12: Notes
A13: Grid Electricity (Kenya) | B13: 0.049 | C13: kg CO₂/kWh | D13: Kenya Power 2024
A14: Stainless Steel 304 | B14: 7.14 | C14: kg CO₂/kg | D14: Idemat 2025
A15: Mild Steel | B15: 2.4 | C15: kg CO₂/kg | D15: Idemat 2026
A16: Aluminium | B16: 11.75 | C16: kg CO₂/kg | D16: Idemat 2026
A17: Concrete | B17: 0.13 | C17: kg CO₂/kg | D17: Idemat 2026 | E17: Per kg, not per m³
A18: Concrete density | B18: 2400 | C18: kg/m³ | E18: For volume to mass conversion
A19: Iron Sheets (galvanized) | B19: 2.4 | C19: kg CO₂/kg | D19: Idemat 2026 | E19: Using mild steel proxy
A20: Alumina (sorbent support) | B20: 1.91 | C20: kg CO₂/kg | D20: Idemat 2026
A21: PEI (active sorbent) | B21: 11.05 | C21: kg CO₂/kg | D21: Climeworks LCA
A22: Methanol | B22: 0.92 | C22: kg CO₂/kg | D22: Idemat 2026
A23: Sea Shipping | B23: 0.005 | C23: kg CO₂/t-km | D23: Ecoinvent
A24: Road Trucking | B24: 0.086 | C24: kg CO₂/t-km | D24: GHG Protocol
A25: Alumina EOL (landfill) | B25: 0.02 | C25: kg CO₂/kg | D25: EPA WARM
A26: PEI EOL (combustion) | B26: 1.29 | C26: kg CO₂/kg | D26: EPA WARM
A27: Methanol EOL (combustion) | B27: 1.29 | C27: kg CO₂/kg | D27: Idemat 2026
A28: Metal EOL (landfill) | B28: 0.02 | C28: kg CO₂/kg | D28: EPA WARM

Sheet Zone1_Capture
A1: ZONE 1: CAPTURE MODULES (Container Structure)
A2: 4 Reactors/Modules with 88 monoliths each (352 total)
A4: Item | B4: Material Type | C4: Quantity | D4: Unit | E4: Weight (kg) | F4: EF (kg CO₂/kg) | G4: Embodied CO₂ (kg)
A5: STRUCTURE
A6: Container (housing modules) | B6: Mild Steel | C6: 1 | D6: units | E6: 3700 | F6: 2.4 | G6: =E6*F6 -> 8880
A7: Container weight per unit | D7: kg/unit
A8: Iron sheet roofing | B8: Mild Steel | C8: 30 | D8: m² | E8: 165 | F8: 2.4 | G8: =E8*F8 -> 396
A9: Iron sheet weight factor | C9: 5.5 | D9: kg/m²
A10: Concrete foundation | B10: Concrete | C10: 0.5 | D10: m³ | E10: =C10*2400 -> 1200 | F10: 0.13 | G10: =E10*F10 -> 156
A12: MONOLITHS & SORBENT BEDS
A13: Module frames (4 units) | B13: Stainless Steel | C13: 4 | D13: kg total | E13: 200 | F13: 7.14 | G13: =E13*F13 -> 1428
A14: Sorbent bed structure | B14: Stainless Steel | D14: kg | E14: 150 | F14: 7.14 | G14: =E14*F14 -> 1071
A16: EQUIPMENT
A17: Fan NM1 | B17: Mixed metals | D17: kg | E17: 25 | F17: 3.5 | G17: =E17*F17 -> 87.5
A18: Fan NM2 | B18: Mixed metals | D18: kg | E18: 25 | F18: 3.5 | G18: =E18*F18 -> 87.5
A19: Fan NM3 | B19: Mixed metals | D19: kg | E19: 25 | F19: 3.5 | G19: =E19*F19 -> 87.5
A20: Fan NM4 | B20: Mixed metals | D20: kg | E20: 25 | F20: 3.5 | G20: =E20*F20 -> 87.5
A21: Boiler | B21: Mild Steel | D21: kg | E21: 500 | F21: 2.4 | G21: =E21*F21 -> 1200
A22: Internal piping | B22: Stainless Steel | D22: kg | E22: 100 | F22: 7.14 | G22: =E22*F22 -> 714
A23: Electrical cabinets/wiring | B23: Mixed | D23: kg | E23: 50 | F23: 3 | G23: =E23*F23 -> 150
A25: ZONE 1 SUBTOTAL | E25: =SUM(E6:E23) -> 6165 | G25: =SUM(G6:G23) -> 14345
A27: Notes: All values are ESTIMATES based on typical pilot DAC plant. Replace with actual measurements.
A28: Container: Assumed 40ft standard shipping container
A29: Monoliths: 352 units estimated at ~2kg each ceramic/alumina
A30: Fans: 4 units (NM1-4) estimated at 25kg each based on typical industrial fans
A31: Boiler: Estimated based on energy consumption data showing 70% of total energy

Sheet Zone2_Processing
A1: ZONE 2: PROCESSING (Tent Structure)
A2: PHE, Separator, Vacuum Pump, Gas Balloon
A4: Item | B4: Material Type | C4: Quantity | D4: Unit | E4: Weight (kg) | F4: EF (kg CO₂/kg) | G4: Embodied CO₂ (kg)
A5: STRUCTURE
A6: Tent frame | B6: Mild Steel | D6: kg | E6: 1200 | F6: 2.4 | G6: =E6*F6 -> 2880
A7: Iron sheet roofing | B7: Mild Steel | C7: 40 | D7: m² | E7: 220 | F7: 2.4 | G7: =E7*F7 -> 528
A8: Iron sheet weight factor | C8: 5.5 | D8: kg/m²
A10: EQUIPMENT
A11: PHE (Plate Heat Exchanger) | B11: Stainless Steel | D11: kg | E11: 80 | F11: 7.14 | G11: =E11*F11 -> 571.2
A12: Separator | B12: Stainless Steel | D12: kg | E12: 50 | F12: 7.14 | G12: =E12*F12 -> 357
A13: Vacuum Pump (SRV/LRVP) | B13: Mixed metals | D13: kg | E13: 150 | F13: 3.5 | G13: =E13*F13 -> 525
A14: Gas Balloon (collection) | B14: Polymer | D14: kg | E14: 30 | F14: 2.5 | G14: =E14*F14 -> 75
A15: Piping | B15: Stainless Steel | D15: kg | E15: 80 | F15: 7.14 | G15: =E15*F15 -> 571.2
A16: Valves and fittings | B16: Stainless Steel | D16: kg | E16: 40 | F16: 7.14 | G16: =E16*F16 -> 285.6
A18: ZONE 2 SUBTOTAL | E18: =SUM(E6:E16) -> 1850 | G18: =SUM(G6:G16) -> 5793
A20: Notes: All values are ESTIMATES. Replace with actual measurements.
A21: Tent structure: Estimated steel frame with iron sheet roofing
A22: PHE: Plate Heat Exchanger for cooling system
A23: Vacuum Pump: SRV/LRVP from SCADA energy breakdown

Sheet Zone3_Liquefaction
A1: ZONE 3: LIQUEFACTION
A2: Buffer balloon, liquefaction unit, cryogenic tank
A4: Item | B4: Material Type | C4: Quantity | D4: Unit | E4: Weight (kg) | F4: EF (kg CO₂/kg) | G4: Embodied CO₂ (kg)
A5: STRUCTURE
A6: Iron sheet structure | B6: Mild Steel | C6: 25 | D6: m² | E6: 137.5 | F6: 2.4 | G6: =E6*F6 -> 330
A7: Iron sheet weight factor | C7: 5.5 | D7: kg/m²
A9: EQUIPMENT
A10: Buffer Gas Balloon | B10: Polymer | D10: kg | E10: 20 | F10: 2.5 | G10: =E10*F10 -> 50
A11: Liquefaction/Refrigeration Unit | B11: Mixed | D11: kg | E11: 400 | F11: 4 | G11: =E11*F11 -> 1600
A12: Cryogenic Tank | B12: Stainless Steel | D12: kg | E12: 300 | F12: 7.14 | G12: =E12*F12 -> 2142
A13: Transfer Pumps | B13: Mixed metals | D13: kg | E13: 50 | F13: 3.5 | G13: =E13*F13 -> 175
A14: Piping | B14: Stainless Steel | D14: kg | E14: 60 | F14: 7.14 | G14: =E14*F14 -> 428.4
A15: Valves and fittings | B15: Stainless Steel | D15: kg | E15: 30 | F15: 7.14 | G15: =E15*F15 -> 214.2
A16: Insulation | B16: Mixed | D16: kg | E16: 40 | F16: 2 | G16: =E16*F16 -> 80
A18: ZONE 3 SUBTOTAL | E18: =SUM(E6:E16) -> 1037.5 | G18: =SUM(G6:G16) -> 5019.6
A20: Notes: All values are ESTIMATES. Replace with actual measurements.
A21: Liquefaction unit: Estimated based on typical small-scale CO2 liquefaction
A22: Cryogenic tank: Estimated stainless steel vessel for liquid CO2 storage

Sheet Sorbent_System
A1: SORBENT SYSTEM (Consumable - Separate Amortization)
A2: Materials that are replaced periodically during plant lifetime
A4: Item | B4: Material | C4: Qty per Batch (kg) | D4: Batch Lifetime (years) | E4: Total Batches | F4: EF (kg CO₂/kg) | G4: Embodied CO₂ per Batch (kg)
A5: PRODUCTION
A6: Support Material (Alumina) | B6: Alumina | C6: 60 | D6: 2 | E6: =Parameters!$B$7/D6 -> 5 | F6: 1.91 | G6: =C6*F6 -> 114.6
A7: Active Sorbent (PEI) | B7: PEI | C7: 60 | D7: 2 | E7: =Parameters!$B$7/D7 -> 5 | F7: 11.05 | G7: =C7*F7 -> 663
A8: Methanol (regeneration) | B8: Methanol | C8: 60 | D8: 2 | E8: =Parameters!$B$7/D8 -> 5 | F8: 0.92 | G8: =C8*F8 -> 55.2
A10: END OF LIFE
A11: Support Material EOL | B11: Landfill | C11: =C6 -> 60 | D11: =D6 -> 2 | E11: =E6 -> 5 | F11: 0.02 | G11: =C11*F11 -> 1.2
A12: Active Sorbent EOL | B12: Combustion | C12: =C7 -> 60 | D12: =D7 -> 2 | E12: =E7 -> 5 | F12: 1.29 | G12: =C12*F12 -> 77.4
A13: Methanol EOL | B13: Combustion | C13: =C8 -> 60 | D13: =D8 -> 2 | E13: =E8 -> 5 | F13: 1.29 | G13: =C13*F13 -> 77.4
A15: SORBENT TOTALS
A16: Total Embodied per Batch (Production + EOL) | G16: =SUM(G6:G8)+SUM(G11:G13) -> 988.8
A17: Total Batches over Plant Lifetime | E17: =MAX(E6:E8) -> 5
A18: Total Sorbent Embodied (lifetime) | G18: =G16*E17 -> 4944
A20: Notes: Sorbent quantities are ESTIMATES scaled from commercial LCA.
A21: Batch lifetime estimated at 2 years for pilot scale (may be shorter than commercial).
A22: Actual quantities should come from sorbent preparation records.

Sheet Transport
A1: TRANSPORT EMISSIONS
A2: Shipping and trucking of equipment and materials to site
A4: Route Description | B4: Mode | C4: Distance (km) | D4: Weight (tonnes) | E4: t-km | F4: EF (kg CO₂/t-km) | G4: Embodied CO₂ (kg)
A5: EQUIPMENT TRANSPORT
A6: Kenya port (Mombasa) to Gilgil | B6: Road | C6: 480 | D6: 5 | E6: =C6*D6 -> 2400 | F6: 0.086 | G6: =E6*F6 -> 206.4
A8: MATERIALS TRANSPORT
A9: Sorbent materials to site | B9: Road | C9: 200 | D9: 3 | E9: =C9*D9 -> 600 | F9: 0.086 | G9: =E9*F9 -> 51.6
A10: Chemicals to site | B10: Road | C10: 100 | D10: 1 | E10: =C10*D10 -> 100 | F10: 0.086 | G10: =E10*F10 -> 8.6
A11: Other materials | B11: Road | C11: 150 | D11: 2 | E11: =C11*D11 -> 300 | F11: 0.086 | G11: =E11*F11 -> 25.8
A13: TRANSPORT SUBTOTAL | E13: =SUM(E6:E11) -> 3400 | G13: =SUM(G6:G11) -> 292.4
A15: Notes:
A16: Notes: Transport distances are ESTIMATES.
A17: Sea shipping: Assumed equipment imported from Asia/Europe
A18: Road: Mombasa to Gilgil ~480km

Sheet Summary
A1: PHASE 1 LCA SUMMARY
A2: Automatic calculation of total embodied emissions
A4: Category | B4: Total Embodied (kg CO₂) | C4: Amortization (years) | D4: Amortization (weeks) | E4: Weekly Charge (kg CO₂/week)
A6: INFRASTRUCTURE
A7: Zone 1: Capture Modules | B7: =Zone1_Capture!G25 -> 14345 | C7: 10 | D7: =C7*52 -> 520 | E7: =B7/D7 -> 27.586538
A8: Zone 2: Processing | B8: =Zone2_Processing!G18 -> 5793 | C8: 10 | D8: =C8*52 -> 520 | E8: =B8/D8 -> 11.140385
A9: Zone 3: Liquefaction | B9: =Zone3_Liquefaction!G18 -> 5019.6 | C9: 10 | D9: =C9*52 -> 520 | E9: =B9/D9 -> 9.6530769
A10: Transport | B10: =Transport!G13 -> 292.4 | C10: 10 | D10: =C10*52 -> 520 | E10: =B10/D10 -> 0.56230769
A11: Infrastructure Subtotal | B11: =SUM(B7:B10) -> 25450 | E11: =SUM(E7:E10) -> 48.942308
A13: SORBENT SYSTEM
A14: Sorbent (per batch) | B14: =Sorbent_System!G16 -> 988.8
A15: Sorbent batch lifetime | C15: =Sorbent_System!D6 -> 2 | D15: =C15*52 -> 104 | E15: =B14/D15 -> 9.5076923
A17: TOTAL WEEKLY EMBODIED CHARGE | E17: =E11+E15 -> 58.45
A19: SUMMARY FOR CAS APPLICATION
A21: Parameter | B21: Value | C21: Unit
A22: Plant Lifetime | B22: =Parameters!B7 -> 10 | C22: years
A23: Total Weeks | B23: =Parameters!B8 -> 520 | C23: weeks
A24: Grid EF | B24: =Parameters!B13 -> 0.049 | C24: kg CO₂/kWh
A25: Weekly Embodied - Infrastructure | B25: =E11 -> 48.942308 | C25: kg CO₂/week
A26: Weekly Embodied - Sorbent | B26: =E15 -> 9.5076923 | C26: kg CO₂/week
A27: TOTAL Weekly Embodied | B27: =E17 -> 58.45 | C27: kg CO₂/week
A29: This value should be entered into the CAS application config
